0.62141230469346,0.63330028643012,0.638736072319746,0.642654332858324,0.684071335935593,0.700510258817673,0.842229928743839,0.84484990631938,0.848267627453804,0.839288054054976,0.815163797366619
0.630944180631638,0.643019874542952,0.649356640076637,0.65352002710104,0.694215414965153,0.710407872164249,0.853368391597271,0.855471225512028,0.868320288217068,0.86124981906414,0.840188839232922
0.633402858316898,0.645504468846321,0.651980425351858,0.656647469848394,0.69743673697114,0.71296437137723,0.855931253385544,0.857845502001047,0.876479392242432,0.870329822582006,0.852757489520311
0.622219660466909,0.633776281493902,0.639110782974958,0.642852663719654,0.684070580089092,0.700746519351006,0.843054912877083,0.845772319704294,0.849927666568756,0.840971117931604,0.817635384261608
0.631819835495949,0.643345385730267,0.649424759620428,0.653595562642813,0.693903091353178,0.710126362609863,0.853058450192213,0.855321862572432,0.868311822986603,0.861796051996946,0.842347992604971
0.635060194301605,0.647015018492937,0.653372554022074,0.658080130040646,0.698318068563938,0.713896757441759,0.856337321031094,0.858163587576151,0.877536843055487,0.87224892821312,0.856489104753733
0.616854592186213,0.629344122904539,0.634849680793285,0.638682667499781,0.67981911098361,0.696476582610607,0.840115422749519,0.842800186359882,0.847025135159493,0.83758341755867,0.81188176433444
0.629107620316744,0.641145092654228,0.647560960835218,0.651754340708256,0.692002668368816,0.708414299124479,0.851971997112036,0.854380300348997,0.86667778673172,0.85971002857089,0.837616639298201
0.632269674062729,0.644583091467619,0.651041381078958,0.655653532993793,0.695802257490158,0.711423574876785,0.85475053178668,0.85671335516572,0.875396581208706,0.869619218999147,0.851452045041323
0.623641268724203,0.634879705637693,0.639939124828577,0.643629133075476,0.685342630946636,0.701667862248421,0.844303206288815,0.846817751294374,0.851228935331106,0.841551039242744,0.817495871514082
0.633072703951597,0.644389639484882,0.650267484462261,0.654121920281649,0.694662434184551,0.710555513304472,0.853250405603647,0.855323242747784,0.868945952379704,0.862051020663977,0.841930094349384
0.63649274058938,0.648320273917913,0.654584663623571,0.659202217429876,0.700456683379412,0.715832493788004,0.859712835812569,0.861353901141882,0.879944126272202,0.873994290292263,0.856256175816059
0.623286525720358,0.633984418076277,0.639025905448198,0.642526848077774,0.684036184626818,0.700383849358559,0.842768159240484,0.84534286968708,0.849965004181862,0.841073925334215,0.817991959547997
0.634524988985062,0.645743102657795,0.651485697132349,0.655368280029297,0.696218882805109,0.712417009449005,0.856486128634214,0.858593221408129,0.872071642655134,0.864964462214708,0.845338970977068
0.639268055576086,0.650726180654764,0.656823227226734,0.661328236186504,0.702434989333153,0.718000008761883,0.862942321193218,0.864645176875591,0.88366534730792,0.87767653337121,0.861374937021732
0.620309817659855,0.631181667542458,0.636039330017567,0.639462306904793,0.680542383027077,0.696680256813765,0.838836458098888,0.841435321336985,0.846177555936575,0.837064085143805,0.812735059386492
0.631155982130766,0.642289775806665,0.648038882857561,0.651800478488207,0.691844649684429,0.707713232004643,0.850616836482286,0.852704277807474,0.866505981659889,0.859782054162025,0.838952667289972
0.635008668196201,0.646448140305281,0.652498287314177,0.656836793708801,0.697468129390478,0.712784975850582,0.856609668552876,0.85846624058485,0.877599204778671,0.871821335279942,0.853748357921839
0.623570277446508,0.634393279135227,0.63947647241354,0.643091082644463,0.68613925973177,0.70210398952961,0.846298694300652,0.84871777203083,0.852863476550579,0.843328351330757,0.819984439766407
0.634241586571932,0.645019905340672,0.650863991808891,0.654832436263561,0.696827789151669,0.712512066680193,0.857316365778446,0.859295205825567,0.872002429765463,0.864801444000006,0.844784932684898
0.638813203930855,0.649867467433214,0.655766199457645,0.660231283664703,0.702238189005852,0.717064291965961,0.861464831596613,0.86315438670516,0.881801193934679,0.875221574240923,0.85863119520545
0.624444197249413,0.634751725310087,0.639521337091923,0.643144391971827,0.685131891411543,0.70137583796382,0.844826929551363,0.847125407832861,0.851877102577686,0.842769256389141,0.820214943563938
0.63497246119976,0.645512742167711,0.651266049486399,0.655171952497959,0.696304200553894,0.71228873090148,0.856394885450602,0.858228443032503,0.871883250284195,0.864724312275648,0.845779034209251
0.639023094290495,0.649799003869295,0.655453413188458,0.660086495757103,0.70139672883153,0.716487125229835,0.861304150778055,0.862937512773275,0.882588909482956,0.876901133567095,0.861539709717035
0.620258511221409,0.631320343321562,0.636386387914419,0.639898340988159,0.682040637671947,0.698552482396364,0.843387397515774,0.845888711750507,0.850128522157669,0.840696556258202,0.816691698598862
0.631738965970278,0.642629504042864,0.648400220775604,0.652309769254923,0.693442131382227,0.709647479224205,0.855198337185383,0.857232848250866,0.870103822410107,0.862987382352352,0.842605959403515
0.636273931223154,0.647862535619736,0.653772111392021,0.658328387498856,0.699855210548639,0.715385214745998,0.860920574361086,0.86283831384182,0.881475861978531,0.875362991070747,0.857854683279991
0.618643462616205,0.631803642463684,0.63800669978261,0.642137492412329,0.683933178323507,0.700478635418415,0.839749390858412,0.842729949426651,0.845591579890251,0.836161849439144,0.810820281118155
0.629266557866335,0.642253962486982,0.648963075739145,0.653368879699707,0.694060501688719,0.71035436090827,0.849341750323772,0.851707386010885,0.863479121261835,0.856592286902666,0.834760363173485
0.632476118695736,0.645570293796062,0.652423735392094,0.657350764024258,0.697760504406691,0.713236890262365,0.852325370669365,0.854527652746439,0.872422095960379,0.866009256631136,0.84910956761837
0.620590297055244,0.633470818817615,0.639561814123392,0.6435885638237,0.684968393743038,0.70174625351429,0.841007477277517,0.84381542930603,0.846904667466879,0.837163617187738,0.812724731552601
0.628711665177345,0.641471989387274,0.648269138532877,0.6525707672894,0.692963474798203,0.709351602613926,0.848936235791445,0.851584615159035,0.864225771874189,0.856892791670561,0.836909185028076
0.633596736609936,0.646558125215769,0.653438854366541,0.658328346967697,0.698537491226196,0.714390419369936,0.853854689276218,0.855865756285191,0.874646437209845,0.868602555477619,0.851722056728601
0.616996471691132,0.630299282503128,0.636333921843767,0.640397097378969,0.681624498593807,0.698424757570028,0.838495119351149,0.841516902059317,0.844471297872067,0.834751157057285,0.808532053571939
0.626565543884039,0.639498809218407,0.646263639217615,0.650695209032297,0.690830700075626,0.70750809083581,0.848772273737192,0.851393121606112,0.863307396000624,0.856350468796492,0.834723615312576
0.631517271494865,0.645004761117697,0.6520621504426,0.657099854469299,0.697803095293045,0.713870516520739,0.854455308026075,0.856854216396809,0.874865163475275,0.868924312645197,0.850276547622681
0.639305004912615,0.649932004326582,0.655467172247171,0.659247518324852,0.700133762419224,0.715982609242201,0.844133492463827,0.847161178416014,0.849785673314333,0.840567990916967,0.814086825627089
0.652740650069714,0.663291448718309,0.669541866379976,0.673727268522978,0.713961141932011,0.729412686544657,0.857791127949953,0.860146259850264,0.87148800444603,0.864499920499325,0.841226145994663
0.658804710578918,0.669845062857866,0.676476115196943,0.681287799960375,0.721513431793451,0.736393642830849,0.864653074270487,0.866873314261436,0.883719882035255,0.877632198452949,0.857422392046452
0.64020318774581,0.650073013806343,0.65543053714633,0.658993669939041,0.69923954295516,0.714882409417629,0.841796560972929,0.844794895213842,0.84819096147418,0.839397047036886,0.814473700469732
0.652460344946384,0.66290933881402,0.669154034298658,0.673309848153591,0.713154552316666,0.728671077471971,0.856404947853088,0.85903561784625,0.871156371462345,0.864191608285904,0.842700395017862
0.659298791205883,0.67011238245368,0.676597850263119,0.681393530720472,0.721491414892674,0.736604032945633,0.865783987104893,0.868152532196045,0.885410469889641,0.87982448900342,0.861250374412537
0.638300957894325,0.649087871611118,0.654607382321358,0.658267328888178,0.698770552212,0.714679720520973,0.843244657695293,0.846219445562363,0.848510095900297,0.839028536099195,0.812620595443249
0.650490093189478,0.661075742280483,0.667362709766626,0.671528671884537,0.711258866262436,0.727033691775799,0.856794150787592,0.859501793247461,0.87071109085083,0.863875263875723,0.84140249709487
0.655354428052902,0.666603854423761,0.673086636888981,0.677834985029697,0.717697127532959,0.73297526512146,0.863314329868555,0.865743113893271,0.882524385130405,0.876162069773674,0.856551409065723
0.623543989801407,0.637067167675495,0.643450177639723,0.647618898761272,0.68976904258132,0.706554498440027,0.842015163171291,0.845236259233952,0.847276493132114,0.837549009180069,0.810951394814253
0.632892599129677,0.646377248203754,0.653478234475851,0.658130862087011,0.69941140499711,0.715906340306997,0.851650563126802,0.854282961708307,0.865385743224621,0.858126820671558,0.835497927969694
0.636953065747023,0.650923983520269,0.658314076477289,0.663437491858005,0.704657817292213,0.720331788784266,0.855666844987869,0.85801362914443,0.874832916975021,0.868775779932737,0.848876167148352
0.624650982552767,0.637688070744276,0.643916468560696,0.648102687323093,0.690100224733353,0.70686859523654,0.8415892388165,0.844665664422512,0.847676041734219,0.838568705284595,0.814141012072563
0.633801911658049,0.646551624631882,0.653617673051357,0.657975194472075,0.698893487739563,0.71540600181818,0.850630767893791,0.853449143517017,0.865374794614315,0.858790319818258,0.838087334531546
0.637368456757069,0.650627095502615,0.657867425358295,0.662962649589777,0.70353306568265,0.719213880127668,0.853719695150852,0.855989293605089,0.874391627138853,0.868726307362318,0.851522030615807
0.622924460041523,0.636405032169819,0.642704431688786,0.64672574929595,0.688723427373171,0.705841627770662,0.842656709754467,0.845857586306334,0.847927387303114,0.8380507771492,0.811454553300142
0.632890602749586,0.646027042365074,0.652973369240761,0.657507322597504,0.698124485772848,0.714715723639727,0.850681006985903,0.853393720215559,0.864878006714582,0.858051466083527,0.835646507406235
0.63378382537365,0.647300771379471,0.654413023471832,0.659411297166347,0.699821703517437,0.715612920743227,0.850785746252537,0.853117235052586,0.871671425300837,0.865974228709936,0.847452238714695
0.588391344380379,0.600519005894661,0.606932640862465,0.61174789352417,0.658835279530287,0.674559421169758,0.817395729416609,0.820049012106657,0.825033881956339,0.815443738186359,0.791596413260698
0.596312674582005,0.608519623464346,0.61572258861661,0.62099877858758,0.667490194928646,0.683395954394341,0.82747824703455,0.829763351297379,0.843077632713318,0.836070790880919,0.815360616093874
0.600252303081751,0.612989787602425,0.620361187064648,0.626150512599945,0.672908537453413,0.687993751245737,0.832591025817394,0.834488364034891,0.853360830271244,0.846805726784468,0.829526074707508
0.589118025630712,0.600876580476761,0.607028236722946,0.611877514785528,0.659002829867601,0.674815468472242,0.818256911367178,0.821146768951416,0.826339843869209,0.817339056450129,0.795163801139593
0.598674887663126,0.610547972208262,0.617558420020342,0.622783185833693,0.669295808178186,0.685015655332804,0.829528326433897,0.831787357002497,0.845674867278338,0.839268561643362,0.81976461853385
0.60239651312232,0.614593922942877,0.621588875317574,0.627316645658016,0.673495934325457,0.68807924887538,0.832754561030865,0.83469185140729,0.854582523399591,0.848957942092419,0.833190378582478
0.584740314030647,0.596874753963947,0.603008935475349,0.607811681723595,0.655204739421606,0.671006824630499,0.815453847181797,0.818101742005348,0.822788553577662,0.813741408383846,0.789294543123245
0.594861939698458,0.607020079886913,0.614003989511728,0.619179122143984,0.665760685527325,0.68133983476162,0.826716580539942,0.828992032289505,0.842540388858318,0.83570296908617,0.814051705884933
0.599411099749804,0.611830629122257,0.619146034061909,0.624724266856909,0.671461535906792,0.686196747785807,0.831796228557825,0.833845161014795,0.853156031602621,0.846819432127476,0.829527513086796
0.584179654067755,0.596505521291494,0.602999138951302,0.607849169170857,0.655318937087059,0.670825945711136,0.813388748389482,0.816166211807728,0.82127874455452,0.812320253163576,0.789252545964718
0.595437746709585,0.607776861518621,0.614999019056559,0.620211122399569,0.666528975230455,0.681699410456419,0.823981634575129,0.826263815283775,0.840261664289236,0.833467760676146,0.814041083830595
0.599361234438419,0.6118287124753,0.619269461452961,0.624978000098467,0.671961713927984,0.686313397288322,0.828736881619692,0.830936708837748,0.850098034566641,0.844580498123169,0.828599189573526
0.584451258605719,0.59636086255312,0.602794392037392,0.60763337906599,0.655099987798929,0.670465296524763,0.813244161087275,0.815895882242918,0.821496085941792,0.813274626642466,0.791571840304136
0.594500332587957,0.60663809902072,0.61385187895298,0.619070440739393,0.665910780495405,0.681492624372244,0.82560189871788,0.827957363396883,0.842668396496773,0.835934849029779,0.817687790155411
0.598873843628168,0.610929835432768,0.61835883231163,0.624209353125095,0.671486103349924,0.68622175437808,0.831193656748533,0.833197894990444,0.853336062502861,0.847642489230633,0.832744157326221
0.582307338643074,0.594724699658155,0.601238171827793,0.605965900319815,0.653559451317787,0.669333812344074,0.813914738070965,0.816979836595058,0.822125018525124,0.813326082128286,0.789358844947815
0.593359889096022,0.605930703914165,0.613029033434391,0.61818132276535,0.664980610966682,0.680599243575335,0.825669925367832,0.827951648157835,0.841727736335993,0.835320608639717,0.814767447209358
0.597814765185118,0.610435169810057,0.617695512187481,0.623493749749661,0.670541246747971,0.685424352097511,0.830701646667719,0.83297879846096,0.852744876909256,0.846850226867199,0.829879467111826
0.584431720489264,0.597079715716839,0.60384135466218,0.608901106482744,0.655675141578913,0.672035778254271,0.814042907035351,0.816746427041292,0.822342577254772,0.813444751095772,0.790695450598002
0.595922300457954,0.608379577255249,0.615709878361225,0.621164481943846,0.667032177436352,0.683229756218195,0.824789576691389,0.827046307724714,0.840957205557823,0.834234180831909,0.814661651074886
0.599971727859974,0.612932205379009,0.620555185300112,0.62651707239747,0.67268197568655,0.688202733188868,0.829891645157337,0.831999139887095,0.85136687733531,0.84580829436779,0.829392134410143
0.586128318995237,0.598278423041105,0.60489654263258,0.60979333127737,0.656417868226767,0.672561393117905,0.813940195411444,0.816890216684341,0.823266380208731,0.81426113884449,0.792154780775309
0.595916715675592,0.608061636841297,0.615283694833517,0.620469624090195,0.66615597525239,0.682137003266811,0.823508229845762,0.825955515986681,0.841023480933905,0.834605061984062,0.815758716863394
0.598836778050661,0.611168070870638,0.618612708711624,0.624424195563793,0.670586533820629,0.685955050122738,0.828078683310747,0.83040270511508,0.851541296929121,0.846542290461063,0.831657090556622
0.582790148454905,0.59538173994422,0.601847115689516,0.60675959624052,0.653010876578093,0.669149482190609,0.811137299525738,0.814115656024218,0.8200432307899,0.811117356747389,0.788010830944777
0.594568576616049,0.607290808516741,0.614654367119074,0.619974881803989,0.666152989155054,0.682420835006237,0.825981927210093,0.828113380426168,0.84235688803792,0.835631476253271,0.815369465100765
0.599151571178436,0.6119852199018,0.619512208604813,0.625321326494217,0.671708712941408,0.687218403750658,0.830731143248081,0.832866067636013,0.852870324009657,0.84700592212677,0.830446406930685
0.596256224989891,0.609954331541061,0.617252331864834,0.622922870802879,0.669868215054274,0.685576772141457,0.815970415222645,0.818740553271771,0.822584604889154,0.813535775798559,0.789151750344038
0.604124791914225,0.617962936317921,0.626010622346401,0.63199328918457,0.678396082776785,0.694173795115948,0.825586741179228,0.827887906467915,0.840153186500072,0.833496212482452,0.813036334228516
0.605620492011309,0.619743602782488,0.627922085297108,0.634495584106445,0.681290384894609,0.696424141091108,0.828364517080784,0.830381108605862,0.848472073125839,0.842232113236189,0.825287717270851
0.59744518045783,0.610957509970665,0.618091763782501,0.623506406444311,0.670692828291655,0.686490556538105,0.818309554487467,0.821340477150679,0.824910073381662,0.816619789659977,0.793701046419144
0.605361710119247,0.618796583592892,0.626820777636766,0.632642631196976,0.67918716840148,0.694793011003733,0.827373890215159,0.829777280700207,0.842513528472185,0.836311394798756,0.817207550746202
0.609160367584229,0.622779810792208,0.630847532320023,0.637237689071894,0.684007785964012,0.698849963217974,0.831198599439859,0.833291587352753,0.85193981487155,0.846807200092077,0.831083769351244
0.593176794606447,0.607068524563313,0.614370134943724,0.619876937395334,0.667725195109844,0.683425231736898,0.817677198058367,0.820549594765902,0.82424017739296,0.815168878382444,0.790829071944952
0.604014338976145,0.617863237047195,0.625833308464289,0.631743639731407,0.678763410317898,0.694244091033936,0.827631627440453,0.830167733424902,0.842676838546991,0.835781931513548,0.815488660037518
0.606804199147224,0.620786337411404,0.628987542647123,0.635494379210472,0.682640005034208,0.69734615238905,0.830926051777601,0.832930994808674,0.851615813332796,0.84574926456213,0.828420763117075
0.602863225883245,0.616769768100977,0.623974172800779,0.629574628031254,0.67869027222991,0.693379959404469,0.82067155008316,0.823496278661489,0.826054259175062,0.81684115023613,0.793199377351999
0.614378133887053,0.627830004000664,0.635544817328453,0.641389270186424,0.688313625693321,0.702512092518806,0.828855931091309,0.831242034912109,0.843066944241524,0.836800744485855,0.816908917689323
0.617053004580736,0.630932851976156,0.638755584228039,0.645089445465803,0.692137223625183,0.705307252335548,0.831100614905357,0.833100343126059,0.850979516100884,0.845090704292059,0.828717728632689
0.605414165979624,0.618547247248888,0.625316801726818,0.630635180693865,0.678735478967428,0.693222106170654,0.820394475239515,0.82317519005537,0.826955450701714,0.817819988459349,0.79594038516283
0.614825067317486,0.628206205558777,0.635773136740923,0.641580345457792,0.688440365451574,0.702763709747791,0.830492843770981,0.832756929951906,0.845306062287092,0.838489637756348,0.820000239062309
0.616916199702024,0.630365582799912,0.638121927815676,0.644413273394108,0.691654100245237,0.705048751300573,0.832551202905178,0.834484421694279,0.853740437501669,0.848036999970674,0.832393093907833
0.602401280713081,0.615879875165224,0.622753897303343,0.627935696274042,0.675855167907476,0.690675542712212,0.819839440989494,0.822632548445463,0.825582625222206,0.816660919600725,0.793444625222683
0.611873668223619,0.625435192292929,0.633018671941757,0.638512250095606,0.684746432071924,0.699180555474758,0.827662837308645,0.830106417757273,0.842761359131336,0.836045051693916,0.817150337231159
0.615122401171923,0.629180634838343,0.637054471719265,0.643305991429091,0.690578344416618,0.704443969273567,0.834157801944017,0.836265724611282,0.854435368561745,0.848312591093779,0.831579600244761
0.595314117205143,0.608907731050253,0.616032985091209,0.621445932346582,0.669999879479408,0.685242374181747,0.818086571979523,0.82085786781311,0.825458544456959,0.816068168854713,0.793219452697039
0.606345672595501,0.619895482307673,0.627755287653208,0.633583410298824,0.681204049736261,0.696358270090818,0.828788715744019,0.83119621219635,0.843613480526209,0.837376350533962,0.817441421687603
0.610749205702543,0.624537386482954,0.632282888025045,0.638715015858412,0.686475944572687,0.700698298156261,0.833461736696959,0.83535887349844,0.854124469429255,0.848026417809725,0.832199533075094
0.5982972040236,0.611475999653339,0.618318234741688,0.623634351843596,0.671997356677055,0.687136831891537,0.819236913281679,0.821941285258532,0.826501499009132,0.817320633423328,0.795215301346779
0.608145500153303,0.621114858204126,0.628670972251892,0.634419317877293,0.681515342193842,0.696519677239656,0.828717983114719,0.831139065814018,0.844617566108704,0.83825790323019,0.819742506814003
0.610003419134021,0.623426510757208,0.631389140421152,0.637855949145556,0.686388489186764,0.700798286545277,0.833750807315111,0.835728453069925,0.855033958524466,0.849653679645061,0.834569080018997
0.595018025064468,0.608660388785601,0.615522845697403,0.62078250067234,0.669034904694557,0.684289832961559,0.818296909683943,0.821068639081717,0.825471575713158,0.815976769095659,0.792805362892151
0.606338163745403,0.619272447395325,0.62698039124012,0.63259531814456,0.679811245375872,0.694626423531771,0.827584285950661,0.82989346806407,0.843262337964773,0.836435778492689,0.817182755094767
0.61112641903758,0.624547709983587,0.632154748159647,0.638299265193939,0.685647686678171,0.699508967351913,0.832289168828726,0.834263409048319,0.8537720895648,0.847767374581099,0.831527310401201
0.605557456040382,0.619723451179266,0.627178035610914,0.63279115472436,0.681403593438864,0.696405574953556,0.820941497343779,0.82350708604455,0.826315705245733,0.816907546526194,0.793184424096346
0.617699001067877,0.632015973931551,0.640200906479359,0.646314674496651,0.693288079345226,0.707764126336575,0.831174997478723,0.833461199164391,0.844644131267071,0.838149903249741,0.817460387301445
0.619537301820517,0.634162483787537,0.642424954479933,0.648997868645191,0.696238829743862,0.710105359518528,0.834969129574299,0.836968883532286,0.854171230125427,0.848313038408756,0.830871793454885
0.608142341476679,0.621695608013868,0.628756261181831,0.634376037532091,0.682016710722446,0.697329748803377,0.821501205325127,0.824242799466848,0.827202861720324,0.818427804076672,0.795547601109743
0.617101243102551,0.630904255110025,0.638891841828823,0.644734402817488,0.691482167637348,0.706450787913799,0.83150914695859,0.833944917476177,0.84595609152317,0.839675698590279,0.820683359867334
0.620834724581242,0.634934422183037,0.643112207990885,0.649626090216637,0.696705733007193,0.711154760503769,0.836989205563068,0.838944023215771,0.857081581747532,0.851127182358503,0.836057935488224
0.605571981745958,0.619698488157988,0.626919989210367,0.632384394168854,0.679937548476458,0.695647875028849,0.821647085595131,0.824470309120417,0.827569390666485,0.817899871069193,0.79430386197567
0.615081390762329,0.629154690599442,0.637175014394522,0.64308425309658,0.689685175919533,0.705115920096636,0.831183227056265,0.833812528526783,0.845288119518757,0.838447872596979,0.818184448218346
0.61882925888896,0.633025145798922,0.641456979590654,0.647933565843105,0.694821081411839,0.709596756726503,0.836117926460505,0.838383167946339,0.855854971086979,0.849504168325663,0.832415985566378
0.609625398141146,0.624244645613432,0.631675576430559,0.637236253279448,0.684596953248978,0.699638832914829,0.821366696768999,0.824401567590237,0.825527389502525,0.81631393917799,0.791548314607143
0.619753460365534,0.634319322693348,0.642416307651997,0.648523713284731,0.694529163080454,0.70936334002018,0.830424584966898,0.832949341523647,0.843012881797552,0.836233055913448,0.81513427208662
0.624259634846449,0.63926281671524,0.647628798854351,0.654221138089895,0.700766364121437,0.714745823228359,0.834979213255644,0.837144610065222,0.853171299296618,0.847059467107058,0.828837928962707
0.61225261207819,0.626391219997406,0.633610305261612,0.638994859564304,0.685962624377012,0.700916823214292,0.821799228364229,0.82469121773839,0.826073603314161,0.817088243222237,0.792948989444971
0.621289119458199,0.635830144101381,0.643752767854929,0.649759733992815,0.695930620002747,0.710834546357393,0.831852453583479,0.834596113812923,0.845156574708223,0.838565213257074,0.817963055890799
0.625269863921404,0.639758973026276,0.647966105502844,0.654518636214733,0.700675439792872,0.71466748663187,0.835717971986532,0.838093418043852,0.855528148150444,0.849109636211395,0.832602590459585
0.608831922256947,0.623287292695045,0.630449190962315,0.635892502605915,0.682255958974361,0.697208880889416,0.819008426618576,0.822204489088058,0.823399384737015,0.814090173244476,0.789316559565067
0.617742367124558,0.632288205105066,0.640511603927612,0.646487001365423,0.692896643191576,0.70803744199276,0.830420192474127,0.833090133297443,0.843523322033882,0.836609745335579,0.814737772196531
0.622608710968494,0.637790012347698,0.646057184195518,0.652758408373594,0.699274207121134,0.713746409213543,0.836211572575569,0.838575984311104,0.854668679767847,0.848092829686403,0.829785525298119
0.599146027946472,0.613329857909679,0.620929894948006,0.626568871557713,0.674508875137568,0.689124980044365,0.809933683162928,0.812807716083527,0.816404143202305,0.80823480232954,0.785251508259773
0.609979168587923,0.624348452603817,0.632829982173443,0.639071682602167,0.686620345109701,0.701360657024384,0.823101358175278,0.825462339895964,0.837637432330847,0.831153857249022,0.810977136045694
0.612794617128372,0.628022478300333,0.636759283453226,0.643537763518095,0.691389072877169,0.70534594848752,0.82784622502923,0.83001997179389,0.847381054407358,0.841662019628286,0.823925238853693
0.599908906936646,0.613342521178722,0.620551891469955,0.62603180487752,0.673345748984814,0.688041721355915,0.810277611619234,0.813492293983698,0.818217617052793,0.81011411730051,0.78787466250658
0.609268049460649,0.622896151071787,0.630855975574255,0.636729208260775,0.682903752118349,0.697643219417334,0.823999466615915,0.826670209336281,0.839751230585575,0.833395060557127,0.8138468488276
0.608153311425447,0.621993772023916,0.629789693516493,0.635950771683454,0.681729605692625,0.695743004643917,0.825577750819921,0.827964599353075,0.847250616341829,0.841780202895403,0.82586108404398
0.60060573335886,0.614643566435575,0.622232081884146,0.627905851757526,0.675480555164814,0.6903801664114,0.813766608995199,0.816837807971239,0.820796281176805,0.811592991364002,0.787419097948074
0.610239942455292,0.624263743907213,0.63249224743247,0.638487413936853,0.685191945701838,0.699838464957476,0.824243089294434,0.826732430386543,0.839492937242985,0.832530904006958,0.811182463520765
0.611313760274649,0.626020666390657,0.634486546009779,0.641048065048456,0.688184154474735,0.702057826840878,0.82698062748313,0.82915619353652,0.847300239276886,0.841239278423786,0.823725255388021
0.6069778834939,0.624100256437063,0.632679281783104,0.639041933786869,0.686030026954413,0.700772148311138,0.815362684124708,0.818778424739838,0.819446837884188,0.809990950101614,0.784057370233536
0.621330392962694,0.637752533054352,0.646912453854084,0.653656037253141,0.699744072842598,0.71421295877099,0.826972873622179,0.829873519831896,0.838433648836613,0.831424224960804,0.809758088076115
0.625478176033497,0.642167968761921,0.651786969679594,0.659044495773315,0.705341220170259,0.719314107829332,0.831000505977869,0.833491087847948,0.848123291933537,0.842025943338871,0.823740242367983
0.612815444302559,0.629173999905586,0.637362892240286,0.643561855220795,0.690118858170509,0.704740029120445,0.817470621293783,0.820813800311089,0.821779798740149,0.812150788617134,0.787940170699358
0.622431013643742,0.638662086135149,0.647984581869841,0.654658024084568,0.700951548200846,0.715546830046177,0.828148462080955,0.831082114219665,0.840889989495277,0.833491187137365,0.812518528008461
0.626632995599508,0.643150389713049,0.652805183321238,0.660025255662203,0.706626463729143,0.720533945733309,0.832654661810398,0.834981920409203,0.850450732290745,0.844028759258986,0.82814675437212
0.608328470093012,0.624829257720709,0.633035726720095,0.639230972665548,0.685543471390009,0.700285604971647,0.815944475507736,0.819460325181484,0.820369433945417,0.811196544724703,0.785970617043972
0.620265816217661,0.636337959837914,0.645309228390455,0.651896409422159,0.697311466413736,0.711743692231178,0.827196234714985,0.830085931253433,0.838870453083515,0.831861741346121,0.810568281567097
0.625716295182705,0.642455534535646,0.651897863531113,0.659176277047396,0.705052785921097,0.718763383704424,0.83175123372674,0.834380376648903,0.84951493216157,0.843120845669508,0.825499519306421
0.614036926925182,0.629507385545969,0.637677506107092,0.643622027701139,0.691669901669025,0.706396020466089,0.821785667455196,0.824870780557394,0.824918068063259,0.81553457223177,0.791419835329056
0.622749513363838,0.638190268719196,0.647128771829605,0.653478518188,0.700730276632309,0.71540007725358,0.83133794900775,0.833823135429621,0.842439804089069,0.835494875186682,0.814379926162958
0.626839300882816,0.642667840766907,0.651617668777704,0.658599201112986,0.705387600141764,0.718956384545565,0.833692971074581,0.836111272871494,0.851012066835165,0.844252953785658,0.82646698564887
0.614324871045351,0.629276675540209,0.637027083957195,0.642798538005352,0.690222659230232,0.704827733016014,0.820681946575642,0.823678379064798,0.82455279160738,0.815482167810202,0.792788232952356
0.624858120381832,0.639698198217154,0.648386331582069,0.654701398527622,0.701402130204439,0.715701636368036,0.83085184378624,0.833528798913956,0.843329428762198,0.836215151453018,0.816338131511211
0.628108812183142,0.643483773893118,0.652092256009579,0.658861855757236,0.705062510991097,0.71850614285469,0.834098448741436,0.83646893748641,0.852266933393478,0.846317473620176,0.830257315987349
0.611068971043825,0.626255265241861,0.633897608858347,0.639698035138845,0.687071322965622,0.701706901079416,0.819785321956873,0.82312120706439,0.823250902438164,0.813972335326672,0.788999626797438
0.621120533776283,0.636362101495266,0.644998262059689,0.651200866568089,0.697480641061068,0.711713339984417,0.828610479831696,0.83145315361619,0.8409599386096,0.834157819455862,0.81291294786334
0.624591522830725,0.640343078738451,0.648946801459789,0.655854848623276,0.70235270075202,0.715811246907711,0.832324017417431,0.834827191627026,0.85005474011302,0.844208564376831,0.8258019269526
0.6053243732512,0.621195548987389,0.629295013201237,0.635253110671043,0.682967897558212,0.69709556260705,0.813663969862461,0.816718254607916,0.81704683842063,0.807973110991716,0.783559462863207
0.616067665863037,0.631931551396847,0.640791866207123,0.647103199994564,0.693811074745655,0.70758811609149,0.823216678649187,0.825826947134733,0.834947634452581,0.827971487110853,0.807214998209477
0.617488792681694,0.633484726160765,0.642584184700251,0.649490804362297,0.696287958085537,0.709257849007845,0.823419129240513,0.825816110670567,0.841068630129099,0.835309888386726,0.817616104280949
0.608225377786159,0.623104276615381,0.630892993241549,0.636590241426229,0.683375926178694,0.697601146489382,0.815104772228003,0.818354412740469,0.819633714574575,0.811029783695936,0.787841644060612
0.619984335273504,0.635362330418825,0.64399425291419,0.650119977229834,0.696101327192783,0.710026648676395,0.825796484810114,0.828503827518225,0.838789708781242,0.831673635137081,0.812093595224619
0.624651838415861,0.640391833943129,0.649193373566866,0.655892854529619,0.702379159599543,0.715414933794737,0.829451219755411,0.831974693143368,0.847799614953995,0.841951301515102,0.825678358769417
0.613162864989042,0.628482699799538,0.636118518579006,0.641608732581139,0.686867322403192,0.70063632144928,0.815674042612314,0.818963818770647,0.819849376893043,0.81047004481554,0.786817133623362
0.621016375076771,0.636474364179373,0.644865837800503,0.650944176441431,0.695705152320862,0.709432742965221,0.824216989248991,0.827051229798794,0.837239634472132,0.83024499322176,0.809226784348488
0.624891042476892,0.640836932194233,0.649697393208742,0.656397571635246,0.70206941332221,0.715207049810886,0.829464816856384,0.831957685869932,0.847685066926479,0.841574160188437,0.824348243421316
0.666925892847776,0.678825572472811,0.684323684233427,0.688683981859684,0.733036232686043,0.745577019625902,0.851480155366659,0.853247285211086,0.853876867628098,0.845142082041502,0.821823293364048
0.67571963724494,0.687603278625011,0.693756114268303,0.698527022451162,0.741403091591597,0.753423539167643,0.86007718808651,0.861507616013289,0.872016203600168,0.865043912547827,0.845986138528585
0.677541817861795,0.689662261891365,0.696139597564936,0.701499447470903,0.744527381461859,0.755626267719269,0.862524760347605,0.863533110207319,0.879833301943541,0.873787635153532,0.858110734897852
0.66609545122385,0.677808397400379,0.683049651938677,0.687354323971271,0.731801298594475,0.744602058535814,0.852058544069529,0.85399203068018,0.855651404887438,0.846599387657642,0.825158998399973
0.677176365464926,0.688869885694981,0.694985049116612,0.699562002974749,0.742884212911129,0.755376714211702,0.863289181953669,0.864754533213377,0.875157365459204,0.868961576879025,0.851424036252499
0.679800092411041,0.691871306467056,0.698070031303167,0.703556059300899,0.747085576027632,0.758582635426521,0.867289348256588,0.868397463393211,0.885191604012251,0.879533334648609,0.865364498537779
0.661789895015955,0.673993298149109,0.67960391485095,0.68387477247119,0.728917036271095,0.741617002743483,0.850465738618374,0.852340167355537,0.853488389235735,0.844260011410713,0.82144099701643
0.673448329544067,0.685633981800079,0.691785961687565,0.69648242650032,0.739895149999857,0.752291863417625,0.861634418278933,0.863041454309225,0.873013913530111,0.866067583662272,0.84680354847312
0.676771289902925,0.689495377737284,0.695963407558203,0.701470953136683,0.745634119391441,0.75735118803978,0.867064388448,0.868286863809824,0.884259585738182,0.878436362415552,0.862242389458418
0.660798480427265,0.67229199347496,0.677596549963951,0.681794542586803,0.726332417660952,0.739445215046406,0.8505266048491,0.852230123203993,0.853905732870102,0.844531595230103,0.822266938847303
0.669512983345985,0.681097750192881,0.687198018938303,0.691785253196955,0.734966530787945,0.747576225793362,0.859784220445156,0.860922624152899,0.871958969169855,0.864642050921917,0.845833639198542
0.672637740772963,0.684513274103403,0.690646990650892,0.695968454420567,0.738978737396002,0.750563814258575,0.86291324609518,0.863751605778933,0.880402343958616,0.874061827069521,0.858411606574059
0.663206651771069,0.674245021629334,0.679203874921799,0.683461367845535,0.728016367954016,0.741146198415756,0.853036638975143,0.854649666172266,0.857250408053398,0.847883230131865,0.827578708946705
0.671363554167748,0.682476055550575,0.688282063245773,0.693034759372473,0.736714883941412,0.749647852563858,0.862863079768419,0.864259430444241,0.875529395705462,0.868926369678974,0.852598626619577
0.675230047547817,0.686676702088118,0.692590023726225,0.697872741264105,0.741143427240849,0.752936091053486,0.865388675808907,0.866356126666069,0.884014582705498,0.878100235998631,0.864705585229397
0.659645591759682,0.670996317458153,0.67609517108202,0.680281137317419,0.724773503428698,0.738204354351759,0.851703214031458,0.853479736894369,0.854928984636068,0.84596616140604,0.823128847849369
0.669999675357342,0.681542000949383,0.687253837168217,0.691791371059418,0.73527605651617,0.748177356505394,0.862803273338079,0.864014350414276,0.875054950362444,0.868064638066292,0.848684183460474
0.673210964184999,0.685125693899393,0.691265661972761,0.69644941906929,0.739939034235477,0.751802017802,0.865616233736277,0.866575370305777,0.883919363558292,0.877886048948765,0.8622549218297
0.670724240589142,0.682043274462223,0.687128070223331,0.69131024210453,0.734760237765312,0.746791677892208,0.852347298014164,0.854040024924278,0.85509257119298,0.845625606811047,0.82351486492753
0.678644709187746,0.690083456367254,0.695856695342064,0.700445049440861,0.742831311553717,0.754660959523916,0.860464570426941,0.861768747621775,0.872110372233391,0.865562483257055,0.846832730919123
0.680522457504272,0.69193911665678,0.69798104634285,0.703186257845163,0.745376064801216,0.755680245292187,0.861002389001846,0.861900191801786,0.878982368141413,0.872922488123179,0.859596499222517
0.671643762814999,0.682246103858948,0.687077722591162,0.691039646995068,0.733899484336376,0.745952900743485,0.85182429344058,0.853444514596462,0.855926322478056,0.846857616603374,0.8259393627882
0.682090009200573,0.693001857984066,0.69858662917614,0.702980386936665,0.744605536949635,0.756382276552916,0.862276560884714,0.863682096254826,0.875028729790449,0.868394340741634,0.850444056111574
0.678364414387941,0.689278565102816,0.695171392130852,0.700383090114594,0.743626055771112,0.754933730751276,0.863724822729826,0.864688965708017,0.881458978587389,0.87601386333704,0.862803440910578
0.67066477599144,0.6818788664639,0.686897878491879,0.690848355311155,0.733740844583511,0.745699058192968,0.85270222671628,0.854540385055542,0.856373871135712,0.847134711301327,0.824924610668421
0.680084122478962,0.691444110429287,0.697128504580259,0.701510723930597,0.743461288154125,0.755442656701803,0.86264795512557,0.863935537296534,0.874814255928993,0.867552762019634,0.849658904862404
0.683246362406015,0.694641230559349,0.700405702114105,0.705346743220091,0.747274935108423,0.757937025296688,0.864886515700817,0.866028327804804,0.882862486100197,0.877603697431087,0.86277077793479
0.611005659770966,0.632148090445995,0.645062283533812,0.655166138517857,0.708296535241604,0.723760992479324,0.819393104451895,0.825251131445169,0.84242698174715,0.835703540056944,0.812639999294281
0.621458081156015,0.642539069360495,0.656494243264198,0.667096438091993,0.720020768612623,0.735461062461138,0.832581686151028,0.838405662482977,0.864176539498568,0.86070987443924,0.840178436744213
0.627418981558085,0.648984170740843,0.663353568673134,0.674492385733128,0.726500403612852,0.741358132201433,0.837895655494928,0.843479101067781,0.876239473193884,0.873195016807318,0.85486139935255
0.615427660751343,0.635476460081339,0.64802032327652,0.657824428111315,0.709913495182991,0.725250058877468,0.820007536113262,0.826255824357271,0.843913210481405,0.838017968392372,0.81589269592762
0.618128077447414,0.638841588187218,0.652706129556894,0.663311156636477,0.717286966466904,0.733048956948519,0.832091954112053,0.838174202662706,0.86529405298233,0.861257801502943,0.841856420248747
0.630129439020157,0.650859791874886,0.664977783453464,0.675860000962019,0.727627374386787,0.742454607456922,0.838860040831566,0.844474502086639,0.878154465770721,0.875712628287077,0.858870837372541
0.610483651548624,0.631030132073164,0.643681889230013,0.653443208414316,0.706092389518023,0.721735804480314,0.819244783163071,0.825366742485762,0.843123182338476,0.836707418048382,0.812959146749973
0.624177227735519,0.644634564435482,0.658275537341833,0.668575924247503,0.72026021053195,0.735350580507517,0.83193248912096,0.837868066686392,0.865053053402901,0.861623991179466,0.840443735039234
0.629840477532148,0.650749592888355,0.664574823260307,0.675330566734076,0.725821479284763,0.740405764186382,0.836455758744478,0.842164093947411,0.876249585688114,0.873109029728174,0.855600153303146
0.575622366923094,0.598734545952082,0.612953787004948,0.623958380740881,0.684746315664053,0.703127180767059,0.816378507786989,0.822277407634258,0.836594443386793,0.829900433588028,0.803495954596996
0.587416317552328,0.610337059152126,0.625403787916899,0.63672019187808,0.697049205440283,0.715380997294188,0.829980509489775,0.835704085850716,0.859276908904314,0.85469416424036,0.831208628308773
0.595104607647657,0.61889599584341,0.634262148857117,0.646213100743294,0.706165880161524,0.723637382674217,0.8377954906106,0.842937658023834,0.872197503465414,0.868278542143107,0.847402497535944
0.576090131509304,0.598884216243029,0.613075815463066,0.623793299084902,0.685324012261629,0.703894222772121,0.818249372470379,0.824447392487526,0.83942984059453,0.831918715345859,0.806555808055401
0.587932378411293,0.610334066998959,0.625303799164295,0.636521058487892,0.696872957658768,0.715034803116322,0.831114093238115,0.836915629911423,0.861300330299139,0.856949711453915,0.834287130492926
0.59337511446476,0.616467180639505,0.63176668882966,0.643464896708727,0.703389543449879,0.720992877715826,0.837255842983723,0.842505755317211,0.872839312213659,0.869365001064539,0.85037323153019
0.574614159888029,0.597496947330236,0.611452477258444,0.622116786533594,0.682489038479328,0.700779961150885,0.816214867699146,0.822428211683035,0.837081414449215,0.829785622256994,0.8029634324193
0.586722690188885,0.609824986344576,0.624740131694078,0.63584033780694,0.69548151807785,0.713546323770285,0.829450490057468,0.835267225861549,0.858965396243334,0.854504998773336,0.83049571928978
0.59027804710865,0.6140918171525,0.6293089009583,0.641115617239475,0.70123312394619,0.718953725630045,0.83575630338788,0.841251992183924,0.871287843924761,0.867599004358053,0.846278798419237
0.66163851531744,0.681323616629839,0.692277039563656,0.699785036307573,0.744073926842213,0.755907588779926,0.82723069075942,0.831866583937407,0.833299253964424,0.825011976933479,0.798584113729
0.671201873892546,0.690509005230665,0.702181262779236,0.710230971080065,0.751022979348898,0.7653667085886,0.838292589998245,0.84269332434535,0.852975307065248,0.846650071150065,0.82425481312871
0.676603703868389,0.697359293293953,0.709506041830778,0.71840605917573,0.761845030748844,0.772604721802473,0.844433895021677,0.848405025064945,0.864684054619074,0.858719396799803,0.839413194477558
0.661200079762936,0.68066334092617,0.691355261415243,0.698906173467636,0.743395597064495,0.75518999542594,0.827244188767672,0.831936622917652,0.834300483995676,0.825284179598093,0.801160196632147
0.672395548123121,0.691848981517553,0.70346815649271,0.711484576368332,0.751785647857189,0.766315290671587,0.838719626647234,0.842921398103237,0.854285818254948,0.847818708872795,0.827475084406137
0.673734651243687,0.693321578663588,0.705168831032515,0.713798033165932,0.757450330847502,0.768543187993765,0.843822839707136,0.847827925509214,0.864457845592499,0.859108818852901,0.841530886590481
0.658241930615902,0.678051024800539,0.688748181444407,0.69628553609848,0.740740167993307,0.751988507306576,0.824903641009331,0.829997840851545,0.831562206220627,0.822435447382927,0.796109829199314
0.67117581256628,0.690572128558159,0.702254394376278,0.710203450399637,0.751223957204819,0.764241048997641,0.836779210811853,0.841241307789087,0.851941479575634,0.845790443617106,0.823360460883379
0.673942174619436,0.694482111984491,0.706498274248838,0.715122254133224,0.758743351948261,0.769144458001852,0.842815622782707,0.847076347285509,0.86398780143261,0.858439910066128,0.838693150997162
0.657413819587231,0.672879068118334,0.681123115366697,0.687326832932234,0.731915190392733,0.742721655130386,0.829402552586794,0.833352788323164,0.83601318987608,0.826803141248226,0.801548164391518
0.667456182181835,0.6835896458745,0.692828113168478,0.699584211087227,0.742750821524858,0.753189528876543,0.839192024898529,0.842608427637816,0.854630840986967,0.8475276258111,0.8261545317173
0.675009974682331,0.691858742254972,0.701486970537901,0.708738410192728,0.751556075823307,0.760753333407641,0.845759305411577,0.848906053948402,0.866382019084692,0.859902728188038,0.840660325735807
0.661569502395391,0.67668366125226,0.684819426840544,0.690838162779808,0.734222632306814,0.74451180280447,0.829738213348389,0.833503069734573,0.837862316703796,0.829156406235695,0.806342645150423
0.6706466144979,0.686684326058626,0.696156626719236,0.7030043394804,0.745890538722277,0.756911225581169,0.842578859454393,0.846129331320524,0.858653990262747,0.851895111477375,0.832080105215311
0.6760964427948,0.692448090261221,0.702019536978006,0.70916858676672,0.75209358805418,0.761625257724523,0.847410519140959,0.850776422041655,0.869184921604395,0.863907015150785,0.846969680285454
0.6598308583498,0.675780375993252,0.684076522153616,0.690117265683413,0.733222612977028,0.743613675838709,0.829290887761116,0.833338302463293,0.837661465674639,0.82827052488327,0.803918260955811
0.671906165957451,0.687953716295958,0.697283470511436,0.703823609644175,0.745641366153955,0.756484750878811,0.842317093908787,0.845988709932566,0.858482406997681,0.85151804035306,0.830276415550709
0.672865893465281,0.689238389122486,0.69863101810813,0.70578938100338,0.748740277028084,0.758817480897903,0.847623640286922,0.850858240097761,0.868347861248255,0.861849537456036,0.843575338560343
0.602463677442074,0.621349452263117,0.63199446040988,0.640106201678515,0.695620172810555,0.711448153758049,0.828558898240328,0.832847630983591,0.843261170178652,0.835971583235264,0.811147745990753
0.610859289503098,0.630074090141058,0.641458559167385,0.650285207170248,0.70524618999362,0.721081719887257,0.839675504094362,0.843574688476324,0.863060629552603,0.85798583946228,0.836093847805262
0.613904916501045,0.63354771463871,0.64545336996913,0.654829880851507,0.710210770756006,0.725369949620962,0.844329743564129,0.847679959928989,0.873208680033684,0.868197155189514,0.849638362103701
0.601149184942245,0.620000278973579,0.630604516774416,0.63881404940486,0.695421993613243,0.712013664501905,0.831606934696436,0.835893144392967,0.846903513479233,0.839137613904476,0.815342618137598
0.611327883094549,0.630475841057301,0.641863401257992,0.650725610750914,0.706105709207058,0.722458770316839,0.841962458199263,0.845717791950703,0.865591266196966,0.860287621086836,0.840197221648693
0.613290041911602,0.633069596642256,0.644735422086716,0.654078484153748,0.70986797388196,0.725536826562881,0.845755182528496,0.849282460868359,0.876021771401167,0.871291066986322,0.855514296382666
0.593612578845024,0.61314032407403,0.624183440732956,0.632934113419056,0.690687959647179,0.70831079620719,0.831630276674032,0.835851292359829,0.846282016742229,0.838244758450985,0.81321614407897
0.608654104220867,0.628199611240625,0.639670181125402,0.648674647819996,0.704213789653778,0.720990827518702,0.842374444627762,0.846211503452063,0.865909333640337,0.860081231790781,0.838943600827456
0.613699253475666,0.633619829434156,0.645411630547047,0.654800862431526,0.710163780367374,0.725931341433525,0.846718264317513,0.850198473745584,0.876127926653624,0.871721808892489,0.853641066026688
0.670245714825392,0.68519453176856,0.692753895825148,0.698139630568028,0.739510977870226,0.749098169767857,0.827438949102163,0.830998181200027,0.832765954697132,0.82310858206749,0.799648057329655
0.680461182868481,0.69521140153408,0.703570293956995,0.709523611962795,0.748818554335833,0.759332908141613,0.838133589011431,0.840974651163816,0.851733592200279,0.845034705984592,0.824560901784897
0.685915165090561,0.701477665871382,0.709966752481461,0.716370571053028,0.75640191488266,0.764668221509457,0.84344223638773,0.846298834532499,0.86312618252039,0.85675587452054,0.838555272841454
0.670162584537268,0.684457282495499,0.691771034669876,0.697062974685431,0.738474033600092,0.747878660815954,0.826974108380079,0.830515994298458,0.832948467993736,0.824546761131287,0.802521303647757
0.681233289688826,0.695563884872198,0.703771380525827,0.709494531500339,0.748787653464079,0.758683345353603,0.83746974542737,0.840680521094799,0.85229907886982,0.846077724897861,0.827469732862711
0.684792986577749,0.699750554585457,0.708127949464321,0.714445297253132,0.754728539294004,0.76281352339983,0.84271655074954,0.845647345119715,0.863613944798708,0.85773729365468,0.843035104376078
0.667205961918831,0.681899622195959,0.689079187655449,0.694338037157059,0.735688663637638,0.744887738782167,0.825258537054062,0.82898815959692,0.831825818789005,0.822303056615591,0.7994834874928
0.677735140120983,0.692407834494114,0.700362549126148,0.706172483557463,0.745894185769558,0.755224855726957,0.835670813804865,0.838918842738867,0.850713015389442,0.843815323883295,0.824507258450985
0.682857292521,0.698434103995562,0.707017013919353,0.713391056883335,0.75401967754364,0.762210927659273,0.842288573664427,0.845237574344873,0.862610941368341,0.856048665702343,0.839934714257717
0.66818028242588,0.682947996222973,0.690399267506599,0.695951490229368,0.738459269398451,0.749314318543673,0.836890496367216,0.840052906090021,0.842868884521723,0.83348446958065,0.809180626612902
0.674927262967825,0.689708288729191,0.698110839807987,0.704371839624643,0.745867196404934,0.758374942356348,0.846251503926516,0.848957555747032,0.859998827201128,0.85348234487772,0.832356486600637
0.681830918061733,0.696909686470032,0.705384879660606,0.711968012034893,0.755315831959248,0.764532773429155,0.852690916585922,0.855395496290922,0.872603540110588,0.86657083735466,0.848551602512598
0.674691253453493,0.688449483734369,0.695449932771921,0.700693344902992,0.742319688600302,0.75327072057128,0.840115285927057,0.843347434842587,0.847024413639307,0.837727191245556,0.813828705906868
0.684627536541224,0.698941900062561,0.706712093502283,0.712233126306534,0.749539145624638,0.763118727511167,0.850486263722181,0.853399423396587,0.866119909328222,0.859633484369516,0.838886094659567
0.687479561060667,0.702027218145132,0.710007214337587,0.716398703956604,0.757889172124863,0.76689208060503,0.854026080006361,0.856614744889736,0.875433766543865,0.869927259624004,0.853149704158306
0.670411569839716,0.684648735934496,0.691881596714258,0.696962439340353,0.739236285251379,0.74893193834424,0.836602305519581,0.839965042436123,0.844027432477474,0.834551000666618,0.809165199387074
0.682284929895401,0.696535844498873,0.704292662924528,0.709704712533951,0.748672022271156,0.759742577201128,0.84716255018115,0.850149503237009,0.863157187753916,0.85667390909791,0.835331593286991
0.685910741305351,0.700512660157681,0.708292067527771,0.714444172346592,0.755271048301458,0.763829097956419,0.851430769091845,0.853987278413773,0.873195337867737,0.866647892379761,0.848747984361649
0.608292811065912,0.625608219951391,0.635201695215702,0.642598357009888,0.697519995290041,0.713308844774961,0.832758375006914,0.836469064670801,0.846550880116224,0.839026934617758,0.815133414781094
0.613346494144201,0.63123016346097,0.641664464527369,0.649817204213142,0.704914067214727,0.720719840443134,0.842249209278822,0.845473957133293,0.865312754714489,0.859637334138155,0.839578360122442
0.612666048967838,0.630814992022514,0.64165414763093,0.650282855224609,0.706564783287048,0.721815963512659,0.844931727480888,0.847932798099518,0.873808722472191,0.86886264398098,0.852198694258928
0.607907432568073,0.624651574254036,0.633907107234001,0.64107937707901,0.696635677576065,0.712259614402056,0.833139228463173,0.836876707369089,0.847023024201393,0.839256744176149,0.81594869388938
0.618504476624727,0.635937302339077,0.646003382015228,0.653900571018457,0.708232180130482,0.723310172468424,0.843374578171968,0.846636988049746,0.866749246376753,0.861323633652926,0.841909059506655
0.616365584313869,0.6341432964921,0.644675860202312,0.653321747243404,0.709012279391289,0.723787845861912,0.845908369547129,0.848883890753984,0.87548643399477,0.871146304237843,0.855584253621101
0.607014684313536,0.624125619542599,0.633247110199928,0.640258902317286,0.694712337237597,0.709666320371628,0.829601225447655,0.833709857654572,0.843744503855705,0.835839416402578,0.812028706896305
0.61918792154789,0.636216569274664,0.645912862080336,0.653331194269657,0.706174472552538,0.720749510484934,0.840328860002756,0.843869513767958,0.863569503182173,0.857758822727203,0.837031636625528
0.621861594885588,0.639512526512146,0.649699826657772,0.657665726310015,0.710952816188335,0.724774845558405,0.844351718193293,0.847530589795113,0.873434472352266,0.86806506524682,0.851515847045183
0.609804960089922,0.626662066757679,0.635765240985155,0.642943835645914,0.697371830028296,0.713289024299383,0.832649183428288,0.836404958420992,0.846703466558456,0.839052659934759,0.815303972631693
0.622847800344229,0.640028703272343,0.649753625053167,0.657355781942606,0.710620040160418,0.726094854480028,0.845391427791119,0.848657497775555,0.86788019143939,0.862255144417286,0.840983505100012
0.626411114174128,0.643809168875217,0.653888528078794,0.662092446726561,0.715536250549555,0.730319006961584,0.850420558923483,0.853413468033075,0.878429012233019,0.873898770481348,0.856152534520626
0.612957731091976,0.629240071159601,0.63803066970706,0.644931191694736,0.698302916443348,0.714133424162865,0.833074130928516,0.836659443825483,0.847699134576321,0.840002710437775,0.817902707201242
0.624231254523993,0.640846584689617,0.650440634071827,0.657980160224438,0.710508542525768,0.726070684885979,0.845404246050119,0.848694394928217,0.869044378530979,0.863455607956648,0.844854085165262
0.6267471149683,0.64362963783741,0.653503178703785,0.66167050204277,0.714677240359783,0.729869474577904,0.850791570526361,0.853747026002407,0.879589573007822,0.874937577879429,0.859726571142673
0.610541498446465,0.627111589616537,0.635945865797997,0.642844981712103,0.695307849794626,0.711269651275873,0.830819233614206,0.834429349678755,0.845300402039289,0.837613881081343,0.813797943121195
0.620860311639309,0.637666162735224,0.647247242164612,0.654701800185442,0.706919436883926,0.722674892306328,0.843047264063358,0.846338801658154,0.866056100773811,0.860410829508305,0.839842832928896
0.625854517430067,0.643095276999474,0.65290366230607,0.660996049213409,0.713240920972824,0.728181062740088,0.84883610933423,0.851828433299065,0.877773648613691,0.872990331220627,0.85550782148242
0.608077927976847,0.624395914912224,0.633233881932497,0.640141958266497,0.693785183805227,0.708632070064545,0.825929470998049,0.829599209660292,0.843076330256462,0.835626882082224,0.812820006304979
0.621586883962154,0.638034840941429,0.64752492197156,0.65467919484973,0.706437013566494,0.720710179466009,0.836975233793259,0.840358246207237,0.862773441576958,0.857811233574152,0.838884109085798
0.626543684995174,0.643283209747076,0.65296936121583,0.660624901121855,0.712784075713158,0.726312544500828,0.843381797027588,0.846413172769547,0.874162506568432,0.869411811590195,0.853078739959002
0.613366383165121,0.629132630968094,0.637618430644274,0.644301046878099,0.697131050336361,0.712087409198284,0.82913609162569,0.832918632298708,0.846493763744831,0.83895004556179,0.817325893211365
0.62232393476367,0.638496575736999,0.647733908641338,0.654852175045013,0.706729111534357,0.721521404516697,0.840146656727791,0.843478985184431,0.865591513460875,0.860372574514151,0.842601281321049
0.625707562738657,0.642452543860674,0.65228631799221,0.660159310746193,0.713163169139624,0.727419826352596,0.846086376160383,0.849074335330725,0.877323139297962,0.873460851562023,0.858661064088345
0.611713583695889,0.628026129812002,0.636555238384008,0.643243455654383,0.696028206115961,0.711290513634682,0.830126973408461,0.833853446656466,0.846524453431368,0.838629294323921,0.816191501629353
0.620147515881062,0.636572561973333,0.645862848508358,0.653019244223833,0.705510457623005,0.72069915587306,0.84068086963892,0.843929203891754,0.866022741442919,0.8605817091465,0.8407347835958
0.62096088527441,0.638129748034477,0.648036217159033,0.655921294265985,0.709591960465908,0.724241615134478,0.845192785781622,0.848297769677639,0.876460208940506,0.871987616813183,0.855104874271154
0.619663146281242,0.635827179282904,0.644270754319429,0.650994717818499,0.703339378732443,0.718726353353262,0.83568240865469,0.838831291764975,0.848543989264965,0.840438802486658,0.816780115056038
0.63009708122015,0.646462803941965,0.65576325545311,0.663005794990063,0.71462965182066,0.729808578526974,0.847218274921179,0.849733267778158,0.868316529101133,0.862952152258158,0.842559364676476
0.636309594160318,0.653057908958197,0.662256643944979,0.66994305152297,0.720964573192596,0.735186535131931,0.852463497233391,0.854861122345924,0.87939150069356,0.874553939521313,0.857221858483553
0.616811075240374,0.632891408079863,0.641319345980883,0.648010720938444,0.701222492396832,0.716947680348158,0.834607111334801,0.83781907966733,0.847841544312239,0.840436236214638,0.816718101662397
0.62224230222106,0.638129438340664,0.647286559510231,0.654464924514294,0.707430975019932,0.72326350595355,0.843878362178803,0.846648553860188,0.864170631664991,0.85882629352808,0.841303904396296
0.629010255640745,0.64544802878499,0.654964538055658,0.662862323313951,0.71602159627676,0.730810610437393,0.850717696225643,0.853155350077152,0.877889052009583,0.872891638749838,0.858025911837816
0.614633889526129,0.630706831640005,0.639095416176319,0.645762868636847,0.698667293900251,0.71430819260478,0.834027700340748,0.837262143808603,0.847386753225327,0.839252161031961,0.81617869259119
0.624198090100288,0.640208148914576,0.649130898624659,0.656134816986322,0.708120092517137,0.723447559469938,0.844679471033812,0.847604768502712,0.865975252097845,0.86015998030901,0.840448846936226
0.629616345322132,0.64636270763278,0.655896968442202,0.663698182582855,0.716444257181883,0.731109227025509,0.851572447770834,0.854067394286394,0.878688636767864,0.87370595266819,0.857831965172291
0.615171233427525,0.631199572086334,0.639520887875557,0.646005071079731,0.698425970298052,0.71253351649642,0.828506061244011,0.831821218568087,0.842225647377968,0.834630723190308,0.811985495239496
0.624886946386099,0.640901383244991,0.650000837033987,0.656884639883041,0.708353877776861,0.722370335578918,0.83869425547123,0.841534808510542,0.86127583206296,0.856107367771864,0.836066809177399
0.627593692082167,0.644091962456703,0.653345713824034,0.661138299953938,0.713633571201563,0.726981534707546,0.84431618013382,0.846852066868544,0.872483209067583,0.867659498512745,0.850819987076521
0.611338803565502,0.626758976989985,0.63478944940567,0.641537929838896,0.695139198184013,0.709982835954428,0.827805919778347,0.831399356591701,0.842498870891333,0.834673715364933,0.813150133115053
0.622642785096169,0.638595175856352,0.647700004380941,0.654795092236996,0.707246771633625,0.721706122207642,0.839348814529181,0.84248854573369,0.862611231672764,0.857697152227163,0.839441721701622
0.627484486407042,0.643319360685349,0.652709639054537,0.660447561818361,0.713142374557257,0.726941752433777,0.845239387774467,0.848008056771755,0.874435659199953,0.869491945868731,0.855146858763695
0.612799215435982,0.629044606238604,0.637321798461676,0.643978233987093,0.69685395950675,0.711623263663054,0.829987668025494,0.833475155633688,0.844099632424116,0.836237290883064,0.813575427383184
0.623477662295103,0.639578692561388,0.648744467562437,0.655832990819216,0.707850212657452,0.722473643684387,0.841072159951925,0.844121316212416,0.864089654654264,0.8585134526968,0.839071859490871
0.62678963316679,0.643200213241577,0.652538087654114,0.660117819195986,0.712639191746712,0.726448701697588,0.846028453284502,0.848825132077932,0.874896182119846,0.869962725633383,0.854632029235363
0.614617173683643,0.629620730131865,0.637588323426247,0.643952241915464,0.695798412293196,0.711428665852547,0.831071063196659,0.834433375585079,0.848167915982008,0.840839257657528,0.819901893258095
0.625434934586287,0.640906559872627,0.649650990098715,0.656478833520412,0.708131578356028,0.723637893354893,0.84379603087306,0.846605321204662,0.86854669752717,0.863411580467224,0.845105323892832
0.628033179557323,0.64410265686512,0.653289209145308,0.66081894081831,0.713247703844309,0.728372040534019,0.849420228397846,0.851811475205421,0.879361863946915,0.875050689274073,0.85972183598876
0.619488423252106,0.633964583998919,0.641551055890322,0.647676865202188,0.698437779968977,0.713953978735208,0.832763606351614,0.836043174260855,0.850414721566439,0.842798112207651,0.822433319741487
0.628353685057163,0.643455617654324,0.651962293183804,0.658665632367134,0.709339163339138,0.724888900589943,0.844732231676579,0.847770089763403,0.870714404195547,0.86539013183713,0.848382736653089
0.633080110120773,0.648400782334805,0.657281845104694,0.664616697257757,0.715582965803146,0.730547348809242,0.851633502203226,0.854312390774488,0.883085103076696,0.878915604043007,0.865089672356844
0.612136450153589,0.627441335898638,0.635234338933229,0.641431064099073,0.692981832653284,0.708875222975016,0.829910564690828,0.833146079480648,0.84693114605546,0.839532868152857,0.818120471584797
0.624095178133249,0.639200968372822,0.64778838647604,0.65438501393795,0.704620505100489,0.720353184098005,0.841406079554558,0.844495392030478,0.867296523249149,0.862228995805979,0.8442859991014
0.629218480587006,0.645107864242792,0.653737724125385,0.66106240054965,0.711787092518806,0.726724598354101,0.848412069606781,0.851006632697582,0.87971146478653,0.875854052442312,0.860377885103226
0.621979593366385,0.637617146801949,0.645264311414957,0.651408739119768,0.703021216619015,0.717059258943796,0.832927786171436,0.836042699623108,0.848587852728367,0.841024757248163,0.818608357995748
0.632589695429802,0.648315472304821,0.656897744017839,0.663490426677465,0.714639873641729,0.728744187033176,0.84506909173727,0.847891888660192,0.869069625282288,0.863902500385046,0.844608037734032
0.638009554487467,0.653978881698847,0.662617300957441,0.669797308409214,0.720715766406059,0.733732308614254,0.849779702365398,0.852040182232857,0.8795275195539,0.875053872680664,0.859262579345703
0.621501630395651,0.636362307703495,0.643900498783588,0.650023865830898,0.701731483894587,0.716162116253376,0.832149356895685,0.835408915013075,0.848361059123278,0.841008290690184,0.820601257026196
0.633472737544775,0.648430742639303,0.656845519548655,0.663291888922453,0.713498642414808,0.727394631004334,0.843815443974733,0.846498375964165,0.868834632122517,0.863933257526159,0.847358120322227
0.638172880476713,0.653530342638493,0.661941807597876,0.668952708339691,0.719585862827301,0.73264547970891,0.849672288399935,0.852328099197149,0.880734967136383,0.87659790879488,0.862917988240719
0.618627762341499,0.633229660987854,0.640825083613396,0.646632880318165,0.697611188977957,0.712090950936079,0.829961503911018,0.833289591252804,0.846670129489899,0.839034345835447,0.817827059340477
0.631161321610212,0.646356701296568,0.654642006325722,0.661095091813803,0.711033649861813,0.725282568114996,0.843139763969183,0.846131907820702,0.86789455934763,0.862836348295212,0.844286535823345
0.635213892108202,0.650477161461115,0.659017782211304,0.665875211787224,0.716298412531614,0.729825769418478,0.84830296523571,0.850884197354317,0.878738029617071,0.874480588257313,0.860115065097809
0.632112362998724,0.646909666079283,0.654301782488823,0.660206587535143,0.711255122762918,0.725304265117645,0.839675316506624,0.842477208030224,0.852847483706474,0.845261955547333,0.821737916970253
0.639590510064364,0.654497143989801,0.662756528401375,0.669330737322569,0.720532686913013,0.734736890524626,0.850693947154283,0.853279243171215,0.871734175676107,0.865949418604374,0.847577141666412
0.646015878677368,0.660938273972273,0.669148719251156,0.67592008485198,0.725611850869656,0.738471285319328,0.855415682458878,0.85766744966507,0.881948659753799,0.877390354377031,0.863358029079437
0.63205910872221,0.646773377811909,0.654253562712669,0.66030053999424,0.711983921468258,0.726136862981319,0.840831904011965,0.843775331938267,0.854814742535353,0.846870363694429,0.825573166102171
0.641318795186281,0.656283192706108,0.664559827083349,0.67096218855381,0.721805779451132,0.735954163712263,0.852312890625,0.854720801758766,0.874722276979685,0.869265433549881,0.851812826240063
0.647878682744503,0.663407308572531,0.672038741457462,0.679137384480238,0.730406081926823,0.743537435156107,0.859435937190056,0.861489993864298,0.887697927671671,0.883464867067337,0.869137863969803
0.630130528467894,0.645170006650686,0.652790916526318,0.658625372135639,0.709717161166668,0.723797807383537,0.839942788314819,0.84302566190958,0.852991776686907,0.845159885770082,0.823369809508324
0.639308361065388,0.654835740381479,0.663111624538898,0.669655836141109,0.720912396126986,0.734949974232912,0.852338833016157,0.855116619628668,0.874465646660328,0.86938960057497,0.850805549675226
0.644033639061451,0.659797745281458,0.668594010531902,0.675620257395506,0.727250244003534,0.740756854295731,0.858978133648634,0.861229582548142,0.886633747178316,0.881910331636667,0.865933939284086
0.61798411886096,0.633391612076759,0.641161675900221,0.647319979435205,0.699614860719442,0.714339418303967,0.831930394083262,0.834912901139259,0.847439341855049,0.839900731754303,0.816901686108112
0.630343299871683,0.645837921762466,0.654176415407658,0.66074610208869,0.711379913115501,0.725730241799355,0.844099227267504,0.846666566097736,0.868395398747921,0.863580209577084,0.844062945389748
0.632206968653202,0.648045347702503,0.65675814050436,0.663971611064673,0.715618474048376,0.729373144942522,0.849308878701925,0.851522637528181,0.878889113992453,0.874691705870628,0.857957143682241
0.619166375821829,0.633935773694515,0.641433385175467,0.64746613638401,0.699439335519075,0.714130863016844,0.832379102498293,0.835581350874901,0.848876183766127,0.842017264592648,0.820184311449528
0.630157911854982,0.645212133044004,0.65348672773838,0.659916011559963,0.711203235352039,0.725770969074965,0.844774681907892,0.847674283391237,0.869854435175657,0.865135361981392,0.847209141433239
0.634265776896477,0.649741335111856,0.658301900804043,0.665356213933229,0.717243465423584,0.730899316459894,0.851072175830603,0.853460450565815,0.882154888981581,0.877939537155628,0.863976809358597
0.616884692674875,0.631925058180094,0.639318830108643,0.645206966483593,0.697174662953615,0.711817119240761,0.831315087974071,0.834472803592682,0.847623550254107,0.839786917948723,0.81732946305871
0.630774576604366,0.646025079572201,0.65423389313221,0.660512993657589,0.711536709576845,0.725727273505926,0.844707787573338,0.847517169809341,0.869435121309757,0.864240042698383,0.84502263263464
0.635728524577618,0.651349042612314,0.659872531783581,0.666795864963531,0.717945484685898,0.731415094965696,0.85113526366353,0.85356519895196,0.882329088109732,0.877493931239843,0.861648840218782
0.632290307986736,0.646888598138094,0.653721884268522,0.659326635807753,0.707651610720158,0.721440779566765,0.833144790118933,0.83610549954772,0.848818137484789,0.841704065740108,0.819481073391437
0.642447582811117,0.6569977602005,0.664892152923346,0.670778898799419,0.718416763716936,0.732014482754469,0.845247198265791,0.847611633962393,0.868905100119114,0.864584900176525,0.845579531449079
0.644185011839867,0.659639102035761,0.66797690346837,0.674729126185179,0.723646804624796,0.737098521071672,0.852835341089964,0.855257041478157,0.88164898597002,0.877482949507236,0.861105062943697
0.634436170089245,0.64844078220129,0.655317822301388,0.660661234945059,0.709409133934975,0.723582567876577,0.835883022969961,0.838723332619667,0.85187140750289,0.844640984976292,0.823978584510088
0.642209182280302,0.656785453635454,0.664656366300583,0.670718342512846,0.719338295900822,0.733676415675878,0.848509362185001,0.851070144474506,0.8730062672019,0.868634842449427,0.850896731978655
0.64316608813405,0.65839627097249,0.666824567693472,0.673782364976406,0.724200198477507,0.738357730674744,0.854338542580605,0.856683640754223,0.884157865601778,0.880190288907289,0.865846035528183
0.62834311645627,0.643076317387819,0.650164555865526,0.655805653053522,0.705075347656012,0.719869824439287,0.834292853420973,0.837265967172384,0.850192598861456,0.842355297410488,0.821063545101881
0.637547291064262,0.65258796261549,0.660714962083101,0.666964290416241,0.716350920456648,0.731252609431744,0.847224434244633,0.849911950612068,0.87107929930687,0.865951917529106,0.847510721850395
0.643011178678274,0.658452567791939,0.666860987526178,0.673670262289047,0.723181982392073,0.737111245894432,0.853137980139256,0.855398750251532,0.882967859399319,0.878737080305815,0.863655134761333
0.699569495987892,0.708597482198477,0.711840000760555,0.714403854286671,0.747047375386953,0.757825790852308,0.840360076701641,0.842583953100443,0.845676187980175,0.837326739418507,0.816385615503788
0.71204805944562,0.72155915607214,0.725818265581131,0.728886576074362,0.753347549474239,0.770840996646881,0.855375440311432,0.857184626144171,0.868707346838713,0.862077027505636,0.84460780543685
0.715940362197161,0.725665052264929,0.730106694757938,0.733881364130974,0.766590036934614,0.776073648810387,0.861183249378204,0.862759723544121,0.87995558078289,0.873970918834209,0.85972696569562
0.700565160173178,0.709624536162615,0.712998321461678,0.715519938445091,0.748136898070574,0.7586684717834,0.840553256481886,0.842948912113905,0.846386890774965,0.837362666338682,0.817145614665747
0.713140645033121,0.723074493575096,0.727573459148407,0.730629383713007,0.753660739684105,0.772388770550489,0.855506021112204,0.857196957492828,0.868974727934599,0.862663319396973,0.845853466016054
0.720431815099716,0.730379824113846,0.735046532946825,0.738819012910128,0.769606846243143,0.780691001313925,0.863278457117081,0.864994581615925,0.882570912486315,0.87716916552186,0.863841773086786
0.68999493817091,0.698537931323051,0.702000141906738,0.704477202755213,0.73972524510026,0.750079612404108,0.837327823483944,0.839758339935541,0.842061949425936,0.833221800720692,0.811476407688856
0.710432602161169,0.719977698129415,0.72398658528924,0.72665894677043,0.752740443736315,0.767278795409203,0.852071110546589,0.854052218329906,0.866397997874021,0.859769334483147,0.841547236829996
0.715445148807764,0.725861599069834,0.730542667037249,0.734301864910126,0.76658180911541,0.776239746022224,0.860588310742378,0.862152026671171,0.879969180268049,0.873741489267349,0.85771135918498
0.623393819957972,0.638052484071255,0.645366201192141,0.651157964295149,0.702630323022604,0.717165764188766,0.834301457166672,0.83695884809494,0.849463009750843,0.841856599801779,0.819932730191946
0.635264736199379,0.649767792069912,0.657610334378481,0.663612931549549,0.713557191288471,0.72781075835824,0.845838135552406,0.848166249597073,0.870067910635471,0.865104245889187,0.846398168742657
0.635830276918411,0.650681688123941,0.658576099944115,0.665398119789362,0.715933854103088,0.729352699476481,0.849255096620321,0.851105307251215,0.878197864544392,0.874185493475199,0.858511281371117
0.626053138649464,0.639819158178568,0.646574172544479,0.652056833797693,0.702926544284821,0.717433631455898,0.835204000532627,0.838114297068119,0.851778603118658,0.844321628969908,0.824774016803503
0.636698893457651,0.650707558959723,0.658146238970757,0.663964808660746,0.713470493721962,0.727409968727827,0.846062276953459,0.848487981802225,0.871706786715984,0.866629201757908,0.850617981147766
0.637408600842953,0.651911616814136,0.659878011327982,0.666448378747702,0.717642464804649,0.73117612850666,0.851076399153471,0.853069694381952,0.881455900263786,0.877177887201309,0.864531781888008
0.624616137909889,0.638872691041231,0.645570919907093,0.651127567964792,0.701786525386572,0.715991138315201,0.83492250521183,0.837954333257675,0.85093814445734,0.843440071254969,0.8218520652771
0.635417327302694,0.649785065299272,0.657360754978657,0.663200768566132,0.712751870119572,0.726751500028372,0.846558266037703,0.848854105240107,0.871331938153505,0.866174460023642,0.848433753478527
0.638687721329927,0.653206119966507,0.661050848186016,0.667398332262039,0.717276418447494,0.730410683876276,0.851355973285437,0.853539739924669,0.882253295868635,0.877734929859638,0.862525417470932
0.622145870476961,0.63667004442215,0.643537465327978,0.649301841259003,0.699526328867674,0.714472965019941,0.83112034573555,0.833824242258072,0.845580375277996,0.837563321471214,0.815819935882092
0.636827192789316,0.651716214758158,0.65955444598794,0.665574868881702,0.714473413652182,0.728968536001444,0.844949630481005,0.847162829262018,0.868192677885294,0.863398929339647,0.843694916886091
0.641102875822782,0.656001184308529,0.66365966821909,0.670213799798489,0.719090997904539,0.732797723263502,0.849786891651154,0.851714835101366,0.878323004955053,0.873656347453594,0.857767278373241
0.629734080433845,0.64343124179244,0.650000634145737,0.655342993062735,0.70427969096303,0.718530925291777,0.833280471986532,0.836121129751205,0.849165426903963,0.841775432908535,0.820784288841486
0.636419737386704,0.650134962034225,0.65775282331109,0.663571731871367,0.71283251375556,0.727229030120373,0.844502556312084,0.846810208284855,0.868816528308392,0.86344115537405,0.846287781977654
0.641358239066601,0.656195581758022,0.664094745832682,0.670791335874796,0.72071105158329,0.734588539332151,0.851791194850206,0.853832965666056,0.881768786001205,0.877812370103598,0.863702702713013
0.626316678410769,0.640612544745207,0.647404320698976,0.652811764138937,0.70294048563838,0.717279437172413,0.83365393768549,0.836556988537312,0.849107080113888,0.841404986131191,0.819232523298264
0.635058189946413,0.649551532840729,0.657262266051769,0.663287363791466,0.713179323852062,0.727611116248369,0.845280122882128,0.847700783544779,0.868960739129782,0.863899501442909,0.845415199077129
0.640020144534111,0.655101352977753,0.663033124858141,0.669632047921419,0.719471995556355,0.732906693214178,0.850176309680939,0.852298945599794,0.880540510547161,0.876279431974888,0.86060060775876
0.692841197568178,0.702376587980986,0.706046930783987,0.70888515689373,0.744432910102606,0.753297731614113,0.835452491927147,0.837587704086304,0.839957987707853,0.830926216840744,0.80893809762001
0.69765112067461,0.707708012264967,0.71246818497777,0.716102489691973,0.750764220589399,0.762920302039385,0.84677459320426,0.848274615466595,0.858115901559591,0.851299355077744,0.833769345748425
0.709052373123169,0.719185088467598,0.723690706825256,0.727348200935125,0.761782653188705,0.768917904978991,0.851603102219105,0.852937429183722,0.86992488347888,0.863979104137421,0.84830080935955
0.699423380351067,0.707652917557955,0.710684583592415,0.712964737266302,0.746311259436607,0.75546742169261,0.837080358380079,0.839140817600489,0.841905671924353,0.833417453473806,0.812845137649775
0.702936530834436,0.711978006523848,0.716294894701242,0.719481108576059,0.751185607028008,0.764058459663391,0.847541829621792,0.849051414144039,0.860377372777462,0.853841451907158,0.837247774296999
0.71143884498477,0.720773745203018,0.724982438749075,0.728624384820461,0.76345070579052,0.770623106861114,0.853460515904427,0.854779302424192,0.873268486708403,0.867598510235548,0.854935118091106
0.684765984213352,0.693639888775349,0.697139683169127,0.700028218346834,0.73760250955224,0.746452957111597,0.831517072278261,0.833555195564032,0.835715329885483,0.82605644325614,0.804935024511814
0.705762773841619,0.715198234987259,0.719006850713491,0.72182831646204,0.751463305330276,0.763055834496021,0.845789532959461,0.8474157135427,0.859548455184698,0.852328490358591,0.834394875228405
0.710272821050882,0.720159448671341,0.724297246718407,0.727955983167887,0.762121399837732,0.768928664004803,0.85246768040657,0.853928814387321,0.871908302569389,0.865875750869513,0.851176571750641
0.644023760849237,0.662241955852509,0.670501038140059,0.676395754051208,0.723740494257212,0.739802929252386,0.847547263336182,0.85062785653472,0.859652002888918,0.851774701553583,0.827418086051941
0.653373182374239,0.671769824451208,0.681034090197086,0.687525937914848,0.734847926157713,0.751023368871212,0.859804478919506,0.862341895186901,0.880022460144758,0.874484275519848,0.85328977367878
0.660924505406618,0.6799454018116,0.689281305539608,0.696142273259163,0.742166715359688,0.757023440063,0.864734883612394,0.867206384021044,0.89050479233861,0.88572598900795,0.86777346457243
0.649336487561464,0.666829499620199,0.674765061330795,0.680406174963713,0.727013026511669,0.742774313145876,0.849768400061131,0.853060587757826,0.862441478967667,0.854990779495239,0.830958794426918
0.657413809752464,0.675251554507017,0.683883549201489,0.68994726318717,0.736027283483744,0.751780151188374,0.8602387776196,0.863020964604616,0.881989432066679,0.876798044574261,0.856857652968168
0.656488684022427,0.674958177042007,0.684505146968365,0.69165435346961,0.739806146073341,0.755091817325354,0.864653999191523,0.867106919312477,0.891128166347742,0.887179742383957,0.86950679346323
0.647512050873041,0.665531601113081,0.673511002004147,0.679148062968254,0.725679028004408,0.74104375924468,0.848836763983965,0.85219094555378,0.861189433783293,0.853395529162884,0.828006570351124
0.656360635328293,0.674448745459318,0.683238692259789,0.689378364759684,0.735587977963686,0.751124670833349,0.859790792661905,0.862753550934792,0.881198872232437,0.875964956796169,0.853237150543928
0.658385491073132,0.676804718732834,0.685790215158463,0.692580974626541,0.738533283865452,0.753368184185028,0.863341526281834,0.865589077115059,0.890162787228823,0.885810657703876,0.866732281690836
0.647513452589512,0.665552480739355,0.67391604244113,0.680000357168913,0.725387304866314,0.741654368036985,0.842504202824831,0.845981684172153,0.853127621859312,0.844918503254652,0.819224448138475
0.657818986165523,0.675358262550831,0.684425973123312,0.690799513602257,0.735739377599955,0.751951049643755,0.852976104044914,0.856023795741797,0.871892307543755,0.866748432892561,0.845072976273298
0.666651533746719,0.685625752449036,0.695322526037693,0.702379973065853,0.746684587109089,0.761841709458828,0.861055338913202,0.863680015933514,0.886155634140968,0.881546088624001,0.861534239441156
0.648125227576494,0.665814994883537,0.674044800579548,0.679730024695396,0.724923369777203,0.741443116682768,0.842292645972967,0.845766396760941,0.853406515157223,0.845515696549416,0.821551678466797
0.660763156962395,0.678208805131912,0.687408906060457,0.693645589065552,0.738115917062759,0.754200696867704,0.854916652226448,0.857890444129705,0.874749539870024,0.86954993236661,0.848113714045286
0.670565651965141,0.688226925247908,0.697415800791979,0.703825822347403,0.746271015042067,0.761295851689577,0.861170161819458,0.863879974979162,0.887206432074308,0.882825708311796,0.865874664717913
0.645430392992496,0.663416042411327,0.671544106197357,0.677265708643198,0.721825587403774,0.738470660108328,0.841355940949917,0.844993734353781,0.852169566166401,0.844585876256227,0.818749715149403
0.658695837247372,0.676138296818733,0.685093395668268,0.691006850200891,0.734738102900982,0.750880319458246,0.853723129987717,0.856934419029951,0.873397669583559,0.867570796310902,0.84483212236166
0.664416471713781,0.68277536008358,0.692069967603683,0.698723391097784,0.742319551253319,0.757930475980043,0.860148056650162,0.86313604645133,0.885299260932207,0.880788732123375,0.861600451374054
0.716416652214527,0.728634312868118,0.732639174163342,0.735288193446398,0.752580524152517,0.773913092267513,0.849575705581903,0.851619462555647,0.849722730880976,0.840768513596058,0.817476609957218
0.73176569250226,0.743735500907898,0.74832994119525,0.7508783847332,0.753879374396801,0.778411623877287,0.861868169611692,0.86354624106288,0.871425197184086,0.865125090622902,0.845148338896036
0.735980767661333,0.748478456705809,0.75339827979207,0.756786194735765,0.773155056631565,0.790729520881176,0.867031604367495,0.868501856571436,0.881663262665272,0.876169049358368,0.859235703831911
0.724263170868158,0.735714172971249,0.739628020322323,0.741783460694551,0.753523414951563,0.777009120118618,0.853209772127867,0.855364336681366,0.854641634845734,0.845552626717091,0.823778686386347
0.731894254344702,0.743783111691475,0.748537609440088,0.751441637635231,0.753870061975718,0.778541462415457,0.863157986867428,0.86482502925992,0.873422871285677,0.866906286418438,0.848255101794004
0.741307105231285,0.753963288331032,0.758693493235111,0.76203089145422,0.774332102662325,0.793762463456392,0.870762425112724,0.872075283610821,0.886450372040272,0.880858929604292,0.86515921407938
0.720128661686182,0.732394597184658,0.736139506524801,0.738494396972656,0.753071043711901,0.774791733974218,0.852300221681595,0.854587844860554,0.853862688064575,0.844566327381134,0.82064677041769
0.733921634560823,0.746140758925676,0.750747910833359,0.753363612830639,0.753877498412132,0.778620371425152,0.864914980041981,0.866792407757044,0.874393419796228,0.867955931127071,0.84677845787406
0.739671848452091,0.752470751148462,0.75726961786747,0.760382316488028,0.774190700697899,0.793004158890247,0.870748316454887,0.872365225350857,0.885958340775967,0.880123454529047,0.862043594324589
